url;img;position;track;artists;streams
https://open.spotify.com/track/5PjdY0CKGZdEuoNab3yDmX;https://i.scdn.co/image/ab67616d000048518e6551a2944764bc8e33a960;1;STAY (with Justin Bieber);['The Kid LAROI'];2023590
https://open.spotify.com/track/27NovPIUIRrOZoCHxABJwK;https://i.scdn.co/image/ab67616d00004851ba26678947112dff3c3158bf;2;INDUSTRY BABY (feat. Jack Harlow);['Lil Nas X'];1658335
https://open.spotify.com/track/4RVwu0g32PAqgUiJoXsdF8;https://i.scdn.co/image/ab67616d000048512a038d3bf875d23e4aeaa84e;3;Happier Than Ever;['Billie Eilish'];1392866
https://open.spotify.com/track/4ZtFanR9U6ndgddUvNcjcG;https://i.scdn.co/image/ab67616d00004851a91c10fe9472d9bd89802e5a;4;good 4 u;['Olivia Rodrigo'];1217255
https://open.spotify.com/track/3Vi5XqYrmQgOYBajMWSvCi;https://i.scdn.co/image/ab67616d000048514df3245f26298a1579ecc321;5;Need To Know;['Doja Cat'];1043288
https://open.spotify.com/track/3DarAbFujv6eYNliUTyqtz;https://i.scdn.co/image/ab67616d000048514df3245f26298a1579ecc321;6;Kiss Me More (feat. SZA);['Doja Cat'];992690
https://open.spotify.com/track/6OGogr19zPTM4BALXuMQpF;https://i.scdn.co/image/ab67616d000048513c041e53cb5c38b6de03e758;7;Take My Breath;['The Weeknd'];893425
https://open.spotify.com/track/5lAnYvAIkSDNXqfo7DyFUm;https://i.scdn.co/image/ab67616d000048514df3245f26298a1579ecc321;8;Ain't Shit;['Doja Cat'];783883
https://open.spotify.com/track/6PQ88X9TkUIAUIZJHW2upE;https://i.scdn.co/image/ab67616d0000485114a5222ca8fdf13d5c050496;9;Bad Habits;['Ed Sheeran'];773190
https://open.spotify.com/track/67BtfxlNbhBmCDR2L2l8qd;https://i.scdn.co/image/ab67616d00004851664034dd80e91b28f773598d;10;MONTERO (Call Me By Your Name);['Lil Nas X'];762717
https://open.spotify.com/track/02MWAaffLxlfxAUY7c5dvx;https://i.scdn.co/image/ab67616d000048519e495fb707973f3390850eea;11;Heat Waves;['Glass Animals'];759915
https://open.spotify.com/track/4XvcHTUfIlWfyJTRG0aqlo;https://i.scdn.co/image/ab67616d0000485178376f650afd63698b82e4b1;12;2055;['Sleepy Hallow'];753911
https://open.spotify.com/track/5nujrmhLynf4yMoMtj8AQF;https://i.scdn.co/image/ab67616d00004851d4daf28d55fe4197ede848be;13;Levitating (feat. DaBaby);['Dua Lipa'];722383
https://open.spotify.com/track/5CZ40GBx1sQ9agT82CLQCT;https://i.scdn.co/image/ab67616d00004851a91c10fe9472d9bd89802e5a;14;traitor;['Olivia Rodrigo'];710963
https://open.spotify.com/track/3Wrjm47oTz2sjIgck11l5e;https://i.scdn.co/image/ab67616d00004851fa0ab3a28b5c52d8a5f97045;15;Beggin';['Måneskin'];694701
https://open.spotify.com/track/18vXApRmJSgQ6wG2ll9AOg;https://i.scdn.co/image/ab67616d00004851a493e05c99d8ec5e8020ff2b;16;RAPSTAR;['Polo G'];689369
https://open.spotify.com/track/6HU7h9RYOaPRFeh0R3UeAr;https://i.scdn.co/image/ab67616d00004851a91c10fe9472d9bd89802e5a;17;deja vu;['Olivia Rodrigo'];671399
https://open.spotify.com/track/2vmfvSoZBFAt9hhRoEByLi;https://i.scdn.co/image/ab67616d0000485112bcec4f18ee130369ce170c;18;Volví;['Aventura', 'Bad Bunny'];577683
https://open.spotify.com/track/65OVbaJR5O1RmwOQx0875b;https://i.scdn.co/image/ab67616d000048518b20e4631fa15d3953528bbc;19;Wants and Needs (feat. Lil Baby);['Drake'];564538
https://open.spotify.com/track/40uMIn2zJLAQhNXghRjBed;https://i.scdn.co/image/ab67616d000048513520e90ee2daf6000ab507cb;20;Motley Crew;['Post Malone'];531578
https://open.spotify.com/track/4iJyoBOLtHqaGxP12qzhQI;https://i.scdn.co/image/ab67616d00004851e6f407c7f3a0ec98845e4431;21;Peaches (feat. Daniel Caesar & Giveon);['Justin Bieber'];525323
https://open.spotify.com/track/5zNW5ARjYhJQJz1AChP33n;https://i.scdn.co/image/ab67616d00004851ac1c01aec658e90fcd23f857;22;Thot Shit;['Megan Thee Stallion'];514686
https://open.spotify.com/track/3ZozFqJJlDBNIm4xqxn2ZD;https://i.scdn.co/image/ab67616d000048513c6ee37ea6c8d68b7e599b41;23;Fancy Like;['Walker Hayes'];502759
https://open.spotify.com/track/5wANPM4fQCJwkGd4rN57mH;https://i.scdn.co/image/ab67616d00004851a91c10fe9472d9bd89802e5a;24;drivers license;['Olivia Rodrigo'];488815
https://open.spotify.com/track/37BZB0z9T8Xu7U3e65qxFy;https://i.scdn.co/image/ab67616d00004851c6af5ffa661a365b77df6ef6;25;Save Your Tears (with Ariana Grande) (Remix);['The Weeknd'];477078
https://open.spotify.com/track/7MAibcTli4IisCtbHKrGMh;https://i.scdn.co/image/ab67616d000048516f9e6abbd6fa43ac3cdbeee0;26;Leave The Door Open;['Bruno Mars', 'Anderson .Paak', 'Silk Sonic'];464363
https://open.spotify.com/track/5JCoSi02qi3jJeHdZXMmR8;https://i.scdn.co/image/ab67616d00004851a91c10fe9472d9bd89802e5a;27;favorite crime;['Olivia Rodrigo'];462959
https://open.spotify.com/track/21AJQhGZpujjZQXByZAXpr;https://i.scdn.co/image/ab67616d00004851a12c000028e343a8496612bf;28;REPEAT IT (with Gunna);['Lil Tecca'];460923
https://open.spotify.com/track/1MIGkQxcdAt2lDx6ySpsc5;https://i.scdn.co/image/ab67616d000048514d00928934df027c7c51365e;29;SUVs (Black on Black);['Jack Harlow', 'Pooh Shiesty'];460536
https://open.spotify.com/track/1JXBNvlDEl2epKSJ9EOgKX;https://i.scdn.co/image/ab67616d000048518e6551a2944764bc8e33a960;30;NOT SOBER (feat. Polo G & Stunna Gambino);['The Kid LAROI'];446737
https://open.spotify.com/track/7EkWXAI1wn8Ii883ecd9xr;https://i.scdn.co/image/ab67616d000048519efda673310de265a2c1cf1f;31;Freaks;['Surf Curse'];445046
https://open.spotify.com/track/6Uj1ctrBOjOas8xZXGqKk4;https://i.scdn.co/image/ab67616d000048514df3245f26298a1579ecc321;32;Woman;['Doja Cat'];444266
https://open.spotify.com/track/0MMyJUC3WNnFS1lit5pTjk;https://i.scdn.co/image/ab67616d00004851a91c10fe9472d9bd89802e5a;33;jealousy, jealousy;['Olivia Rodrigo'];437698
https://open.spotify.com/track/2JPLbjOn0wPCngEot2STUS;https://i.scdn.co/image/ab67616d0000485164afd6879102d03460bd3ad9;34;Yonaguni;['Bad Bunny'];434275
https://open.spotify.com/track/5RwV8BvLfX5injfqYodke9;https://i.scdn.co/image/ab67616d00004851c1449d5655128274517f3733;35;Todo De Ti;['Rauw Alejandro'];431195
https://open.spotify.com/track/3yaYgjEFkRw3PVjW9mV1TO;https://i.scdn.co/image/ab67616d00004851bfc336878a9695721f721861;36;Over The Top (feat. Drake);['Smiley'];425717
https://open.spotify.com/track/2tGvwE8GcFKwNdAXMnlbfl;https://i.scdn.co/image/ab67616d00004851a91c10fe9472d9bd89802e5a;37;happier;['Olivia Rodrigo'];420262
https://open.spotify.com/track/0W6I02J9xcqK8MtSeosEXb;https://i.scdn.co/image/ab67616d000048514df3245f26298a1579ecc321;38;Get Into It (Yuh);['Doja Cat'];420143
https://open.spotify.com/track/0k4d5YPDr1r7FX77VdqWez;https://i.scdn.co/image/ab67616d000048514df3245f26298a1579ecc321;39;You Right;['Doja Cat', 'The Weeknd'];418602
https://open.spotify.com/track/6SRsiMl7w1USE4mFqrOhHC;https://i.scdn.co/image/ab67616d00004851a91c10fe9472d9bd89802e5a;40;brutal;['Olivia Rodrigo'];414345
https://open.spotify.com/track/5fwSHlTEWpluwOM0Sxnh5k;https://i.scdn.co/image/ab67616d00004851c77a01f0166fd8343d3a3edb;41;Pepas;['Farruko'];413030
https://open.spotify.com/track/0VjIjW4GlUZAMYd2vXMi3b;https://i.scdn.co/image/ab67616d000048518863bc11d2aa12b54f5aeb36;42;Blinding Lights;['The Weeknd'];411895
https://open.spotify.com/track/0BGwAKW4u8kWOhWFflZxfl;https://i.scdn.co/image/ab67616d000048518d67a1b7d486b5bd5cacee5e;43;Astronaut In The Ocean;['Masked Wolf'];393980
https://open.spotify.com/track/1EJIcDYXwSqipW5dFe4uJz;https://i.scdn.co/image/ab67616d00004851dcd4d70294f17175991ba1bb;44;EVERY CHANCE I GET (feat. Lil Baby & Lil Durk);['DJ Khaled'];391325
https://open.spotify.com/track/2Y0wPrPQBrGhoLn14xRYCG;https://i.scdn.co/image/ab67616d000048513e0698e4ae5ffb82a005aeeb;45;Come & Go (with Marshmello);['Juice WRLD'];388583
https://open.spotify.com/track/2BITQ360Knh6qNAOqR7Dyq;https://i.scdn.co/image/ab67616d00004851d9b293fd7af470ec2c58e75f;46;Miss The Rage (feat. Playboi Carti);['Trippie Redd'];388495
https://open.spotify.com/track/3FAJ6O0NOHQV8Mc5Ri6ENp;https://i.scdn.co/image/ab67616d0000485118ff322fcdd47c9400872da6;47;Heartbreak Anniversary;['Giveon'];379290
https://open.spotify.com/track/2QjOHCTQ1Jl3zawyYOpxh6;https://i.scdn.co/image/ab67616d0000485178f71c0d2fe34592a3c18f80;48;Sweater Weather;['The Neighbourhood'];372694
https://open.spotify.com/track/7nc7mlSdWYeFom84zZ8Wr8;https://i.scdn.co/image/ab67616d00004851e60b56aa1e58fe76240a101b;49;Tell Em;['Cochise', '$NOT'];370305
https://open.spotify.com/track/0cu0rhnlCnJ7JIeHRiLpj3;https://i.scdn.co/image/ab67616d000048515be44990ee17a572098f902a;50;Ball If I Want To;['DaBaby'];365644
https://open.spotify.com/track/38GBNKZUhfBkk3oNlWzRYd;https://i.scdn.co/image/ab67616d000048512a038d3bf875d23e4aeaa84e;51;NDA;['Billie Eilish'];361204
https://open.spotify.com/track/4pt5fDVTg5GhEvEtlz9dKk;https://i.scdn.co/image/ab67616d000048515aa05015cfa7bd2943c29b21;52;I WANNA BE YOUR SLAVE;['Måneskin'];359936
https://open.spotify.com/track/7CIERzyqIwLVKGp00YbHRO;https://i.scdn.co/image/ab67616d0000485128976d0c0940104dbb85ce09;53;Pain;['PinkPantheress'];353477
https://open.spotify.com/track/2bgTY4UwhfBYhGT4HUYStN;https://i.scdn.co/image/ab67616d000048516bb2b8231817c8d205d07fb2;54;Butter;['BTS'];352700
https://open.spotify.com/track/4ka1FkKAMde6dQAFFMXKac;https://i.scdn.co/image/ab67616d0000485131d99fd3876a720451ad2eee;55;i hope ur miserable until ur dead;['Nessa Barrett'];351332
https://open.spotify.com/track/2sXf2JdbB2GlNju00kw9WE;https://i.scdn.co/image/ab67616d00004851ebd6d297f2cdeeadb58243a0;56;Skate;['Bruno Mars', 'Anderson .Paak', 'Silk Sonic'];348881
https://open.spotify.com/track/7kDUspsoYfLkWnZR7qwHZl;https://i.scdn.co/image/ab67616d00004851d4d4929a3a86fe2f9fadbd42;57;my ex's best friend (with blackbear);['Machine Gun Kelly'];346212
https://open.spotify.com/track/37y7iDayfwm3WXn5BiAoRk;https://i.scdn.co/image/ab67616d00004851263886a4992c39704c601409;58;Dark Red;['Steve Lacy'];344837
https://open.spotify.com/track/5JKnYZOhSP7rOK0jPYcCjV;https://i.scdn.co/image/ab67616d0000485102b0ac4db2fd46d936e748cd;59;t r a n s p a r e n t s o u l feat. Travis Barker;['WILLOW'];343621
https://open.spotify.com/track/1sx0XsWUusUoPstbvokZjP;https://i.scdn.co/image/ab67616d000048517bee23b5177b81131d7d98e9;60;A-O-K;['Tai Verdes'];335426
https://open.spotify.com/track/6tDDoYIxWvMLTdKpjFkc1B;https://i.scdn.co/image/ab67616d00004851044a5466dac00f7b3c570b99;61;telepatía;['Kali Uchis'];333986
https://open.spotify.com/track/4qu63nuBpdn0qHUHuObEj1;https://i.scdn.co/image/ab67616d00004851ae40468931087f78919b86ce;62;Leave Before You Love Me (with Jonas Brothers);['Marshmello'];333478
https://open.spotify.com/track/21jGcNKet2qwijlDFuPiPb;https://i.scdn.co/image/ab67616d000048519478c87599550dd73bfa7e02;63;Circles;['Post Malone'];325507
https://open.spotify.com/track/4jPy3l0RUwlUI9T5XHBW2m;https://i.scdn.co/image/ab67616d0000485184c53fa832dfa265192419c5;64;Mood (feat. iann dior);['24kGoldn'];324436
https://open.spotify.com/track/62vpWI1CHwFy7tMIcSStl8;https://i.scdn.co/image/ab67616d000048516aca031ccc27d2e4dd829d14;65;No Role Modelz;['J. Cole'];319495
https://open.spotify.com/track/5zFglKYiknIxks8geR8rcL;https://i.scdn.co/image/ab67616d0000485186a8ab515de4b7aef28cd631;66;Beautiful Mistakes (feat. Megan Thee Stallion);['Maroon 5'];319040
https://open.spotify.com/track/3YJJjQPAbDT7mGpX3WtQ9A;https://i.scdn.co/image/ab67616d000048513097b1375ab17ae5bf302a0a;67;Good Days;['SZA'];318672
https://open.spotify.com/track/60ynsPSSKe6O3sfwRnIBRf;https://i.scdn.co/image/ab67616d0000485182b243023b937fd579a35533;68;Streets;['Doja Cat'];318657
https://open.spotify.com/track/5B0kgjHULYJhAQkK5XsMoC;https://i.scdn.co/image/ab67616d00004851696b4e67423edd64784bfbb4;69;WUSYANAME (feat. Youngboy Never Broke Again & Ty Dolla $ign);['Tyler', 'The Creator'];318213
https://open.spotify.com/track/1VLtjHwRWOVJiE5Py7JxoQ;https://i.scdn.co/image/ab67616d00004851339f780dfdbc38558ea0761d;70;Martin & Gina;['Polo G'];312863
https://open.spotify.com/track/0RiRZpuVRbi7oqRdSMwhQY;https://i.scdn.co/image/ab67616d000048519478c87599550dd73bfa7e02;71;Sunflower - Spider-Man: Into the Spider-Verse;['Post Malone', 'Swae Lee'];312855
https://open.spotify.com/track/6UelLqGlWMcVH1E5c4H7lY;https://i.scdn.co/image/ab67616d0000485177fdcfda6535601aff081b6a;72;Watermelon Sugar;['Harry Styles'];312341
https://open.spotify.com/track/0NmuYnjETG3u3qx0OmEJev;https://i.scdn.co/image/ab67616d0000485195a25a5b79a59eba1c8f93ee;73;Lil Bit;['Nelly', 'Florida Georgia Line'];307932
https://open.spotify.com/track/4MzXwWMhyBbmu6hOcLVD49;https://i.scdn.co/image/ab67616d00004851005ee342f4eef2cc6e8436ab;74;DÁKITI;['Bad Bunny', 'Jhay Cortez'];305374
https://open.spotify.com/track/27OeeYzk6klgBh83TSvGMA;https://i.scdn.co/image/ab67616d00004851df16d539f508603bfb1efe02;75;WITHOUT YOU;['The Kid LAROI'];304003
https://open.spotify.com/track/1YDebgap5OFwXEBG18NJvy;https://i.scdn.co/image/ab67616d0000485119fc40e920401ce322487abf;76;Red Light Green Light;['DaBaby'];301804
https://open.spotify.com/track/20BOju91NaEFK5Py4VJ2pp;https://i.scdn.co/image/ab67616d000048516ed5bc6fa322c58ec7594e47;77;Best Friend (feat. Doja Cat);['Saweetie'];298698
https://open.spotify.com/track/1D3z6HTiQsNmZxjl7F7eoG;https://i.scdn.co/image/ab67616d0000485110e6745bb2f179dd3616b85f;78;m y . l i f e (with 21 Savage & Morray);['J. Cole'];292277
https://open.spotify.com/track/1058fW9H3fZA6QjYCdOBad;https://i.scdn.co/image/ab67616d00004851d24bb6aa36842e45bdd3d1cc;79;Don't Go Yet;['Camila Cabello'];291899
https://open.spotify.com/track/4lUmnwRybYH7mMzf16xB0y;https://i.scdn.co/image/ab67616d000048519fa79040de02a72663f24323;80;Hats Off (feat. Travis Scott);['Lil Baby', 'Lil Durk'];287673
https://open.spotify.com/track/4VXIryQMWpIdGgYR4TrjT1;https://i.scdn.co/image/ab67616d00004851f7db43292a6a99b21b51d5b4;81;All Girls Are The Same;['Juice WRLD'];287479
https://open.spotify.com/track/1M4OcYkxAtu3ErzSgDEfoi;https://i.scdn.co/image/ab67616d00004851199f2f07a9be49f2c930299a;82;Up;['Cardi B'];282186
https://open.spotify.com/track/2U5WueTLIK5WJLD7mvDODv;https://i.scdn.co/image/ab67616d000048513e0698e4ae5ffb82a005aeeb;83;Wishing Well;['Juice WRLD'];280185
https://open.spotify.com/track/5eXBXreN3d1zdj6Sa8dS0u;https://i.scdn.co/image/ab67616d00004851db49bb80a6398e02037ffa39;84;Permission to Dance;['BTS'];279608
https://open.spotify.com/track/003vvx7Niy0yvhvHt4a68B;https://i.scdn.co/image/ab67616d00004851ccdddd46119a4ff53eaf1f5d;85;Mr. Brightside;['The Killers'];276227
https://open.spotify.com/track/285pBltuF7vW8TeWk8hdRR;https://i.scdn.co/image/ab67616d00004851f7db43292a6a99b21b51d5b4;86;Lucid Dreams;['Juice WRLD'];275621
https://open.spotify.com/track/4191RXFPa7Ge9XkA4cWlna;https://i.scdn.co/image/ab67616d000048512a038d3bf875d23e4aeaa84e;87;Lost Cause;['Billie Eilish'];274598
https://open.spotify.com/track/1fxYz1s15pyZLsJT0Hdh1m;https://i.scdn.co/image/ab67616d00004851294d49871cc7625ed4603f59;88;Late At Night;['Roddy Ricch'];273847
https://open.spotify.com/track/0ofHAoxe9vBkTCp2UQIavz;https://i.scdn.co/image/ab67616d00004851e52a59a28efa4773dd2bfe1b;89;Dreams - 2004 Remaster;['Fleetwood Mac'];272217
https://open.spotify.com/track/2KnuaZYoGzDoHiBTNYOTXG;https://i.scdn.co/image/ab67616d000048512a038d3bf875d23e4aeaa84e;90;Billie Bossa Nova;['Billie Eilish'];271685
https://open.spotify.com/track/2IePEfMAtqWS6rLXXFZIgI;https://i.scdn.co/image/ab67616d0000485143283b8f1e8a22fbfc82f4c4;91;His & Hers (feat. Don Toliver, Lil Uzi Vert & Gunna);['Internet Money'];270008
https://open.spotify.com/track/0mHGftgYtmpH4y17T3VZ2E;https://i.scdn.co/image/ab67616d0000485160abdbdec59611ee3c18fb95;92;@ my worst;['blackbear'];269827
https://open.spotify.com/track/2TOzTqQXNmR2zDJXihjZ2e;https://i.scdn.co/image/ab67616d00004851a91c10fe9472d9bd89802e5a;93;enough for you;['Olivia Rodrigo'];269650
https://open.spotify.com/track/0ZLuW8uOXdFNWcI40C0OC2;https://i.scdn.co/image/ab67616d00004851aeb14ead136118a987246b63;94;Whats Poppin (feat. DaBaby, Tory Lanez & Lil Wayne) [Remix] - Bonus Track;['Jack Harlow'];268796
https://open.spotify.com/track/4t2OeILB07eMGTXSUbMPEu;https://i.scdn.co/image/ab67616d000048512a038d3bf875d23e4aeaa84e;95;Oxytocin;['Billie Eilish'];268695
https://open.spotify.com/track/7hxHWCCAIIxFLCzvDgnQHX;https://i.scdn.co/image/ab67616d000048519ca0c952f130e28025209cf0;96;Lemonade (feat. Gunna, Don Toliver & NAV);['Internet Money'];268490
https://open.spotify.com/track/3J8EOeKLTLXORtWPpOU5bE;https://i.scdn.co/image/ab67616d000048515af0305457ff290e06dcc4c2;97;Calling My Phone;['Lil Tjay', '6LACK'];268222
https://open.spotify.com/track/20R4HfKloPKgXDqU7UKk3x;https://i.scdn.co/image/ab67616d000048512a038d3bf875d23e4aeaa84e;98;Therefore I Am;['Billie Eilish'];266679
https://open.spotify.com/track/51pshtuYkgUQnt5huMPbKL;https://i.scdn.co/image/ab67616d0000485150570144b4a9a459406f9a3d;99;The Spins;['Mac Miller'];264968
https://open.spotify.com/track/5W8jRrZ6tWrTrqnKRtIQBf;https://i.scdn.co/image/ab67616d0000485110e6745bb2f179dd3616b85f;100;p r i d e . i s . t h e . d e v i l (with Lil Baby);['J. Cole'];264395
https://open.spotify.com/track/0PvFJmanyNQMseIFrU708S;https://i.scdn.co/image/ab67616d0000485177ada0863603903f57b34369;101;For The Night (feat. Lil Baby & DaBaby);['Pop Smoke'];262626
https://open.spotify.com/track/05bfbizlM5AX6Mf1RRyMho;https://i.scdn.co/image/ab67616d000048512ae66aa58208495074d88fd0;102;AM Remix;['Nio Garcia', 'J Balvin', 'Bad Bunny'];261262
https://open.spotify.com/track/6IBcOGPsniK3Pso1wHIhew;https://i.scdn.co/image/ab67616d00004851433fa8ed8901569b606a715e;103;Forever After All;['Luke Combs'];258571
https://open.spotify.com/track/35mvY5S1H3J2QZyna3TFe0;https://i.scdn.co/image/ab67616d000048515ef878a782c987d38d82b605;104;positions;['Ariana Grande'];258468
https://open.spotify.com/track/4HOryCnbme0zBnF8LWij3f;https://i.scdn.co/image/ab67616d000048512a038d3bf875d23e4aeaa84e;105;Getting Older;['Billie Eilish'];258284
https://open.spotify.com/track/6rTInqW3YECMkQsBEHw4sd;https://i.scdn.co/image/ab67616d0000485132e9cf7de86c1558a4d300c4;106;Solid (feat. Drake);['Young Stoner Life', 'Young Thug', 'Gunna'];258201
https://open.spotify.com/track/2SAqBLGA283SUiwJ3xOUVI;https://i.scdn.co/image/ab67616d0000485152c75ed37313b889447011ef;107;Laugh Now Cry Later (feat. Lil Durk);['Drake'];256631
https://open.spotify.com/track/0Kdj7nwaYQmvhxnqZaIQuW;https://i.scdn.co/image/ab67616d000048512853b5ea06ddc676b337c389;108;Bezos I;['Bo Burnham'];256412
https://open.spotify.com/track/5QO79kh1waicV47BqGRL3g;https://i.scdn.co/image/ab67616d000048518863bc11d2aa12b54f5aeb36;109;Save Your Tears;['The Weeknd'];253160
https://open.spotify.com/track/67G6iaOw8DZqp1z8STR89R;https://i.scdn.co/image/ab67616d00004851ad89f82d9243ed88a6d68787;110;WHOLE LOTTA MONEY (feat. Nicki Minaj) - Remix;['BIA'];251804
https://open.spotify.com/track/0uxSUdBrJy9Un0EYoBowng;https://i.scdn.co/image/ab67616d000048510d5a84e4e47399d2726c330c;111;20 Min;['Lil Uzi Vert'];251721
https://open.spotify.com/track/7nVERWQXlgZRQsYw4fHf3b;https://i.scdn.co/image/ab67616d00004851d9a5dfd24ef123b18c086aa6;112;Lose;['KSI', 'Lil Wayne'];251066
https://open.spotify.com/track/2vWBUC9djv6BtiGlmKiQaH;https://i.scdn.co/image/ab67616d000048511a72818330a056c9d3556a68;113;YKWIM?;['Yot Club'];249684
https://open.spotify.com/track/7ytR5pFWmSjzHJIeQkgog4;https://i.scdn.co/image/ab67616d0000485120e08c8cc23f404d723b5647;114;ROCKSTAR (feat. Roddy Ricch);['DaBaby'];249595
https://open.spotify.com/track/6gBFPUFcJLzWGx4lenP6h2;https://i.scdn.co/image/ab67616d00004851f54b99bf27cda88f4a7403ce;115;goosebumps;['Travis Scott'];249495
https://open.spotify.com/track/0nqhKXDjsyBMvbeWmgijD0;https://i.scdn.co/image/ab67616d00004851b9ba23c2a9edf6f4b7e48bed;116;Wockesha;['Moneybagg Yo'];249440
https://open.spotify.com/track/2GiJYvgVaD2HtM8GqD9EgQ;https://i.scdn.co/image/ab67616d00004851cc2cf912462d8ae4ef856434;117;Electric Love;['BØRNS'];248752
https://open.spotify.com/track/3EpF150nXMSNjiH0bbmXIL;https://i.scdn.co/image/ab67616d00004851924229a8ef79e3d4f90cb324;118;Holy Smokes;['Trippie Redd', 'Lil Uzi Vert'];248301
https://open.spotify.com/track/0lkQOB949M2gLyut86aJ1b;https://i.scdn.co/image/ab67616d0000485148831f8d5d8f8609bb2c99ed;119;Cigarette Daydreams;['Cage The Elephant'];247806
https://open.spotify.com/track/5E30LdtzQTGqRvNd7l6kG5;https://i.scdn.co/image/ab67616d000048513066581d697fbdee4303d685;120;Daddy Issues;['The Neighbourhood'];247225
https://open.spotify.com/track/21UkXrc9kD48rNpTMI2ecz;https://i.scdn.co/image/ab67616d000048511439395184efdb67631ea5e3;121;NEVER LEFT;['Lil Tecca'];244622
https://open.spotify.com/track/472vIK1ldetTxRxG3ovaiY;https://i.scdn.co/image/ab67616d00004851c66d80518c514a9c8232393f;122;Glad You Exist;['Dan + Shay'];243507
https://open.spotify.com/track/3Ho13bRS28xEvGvgW4LOFM;https://i.scdn.co/image/ab67616d000048512ff0ae4bc39196d0d84e1e2d;123;On Go (feat. Polo G);['Sheff G'];242473
https://open.spotify.com/track/6Hj9jySrnFppAI0sEMCZpJ;https://i.scdn.co/image/ab67616d00004851af149eb4002f65f83afc63c4;124;Robbery;['Juice WRLD'];242234
https://open.spotify.com/track/6foY66mWZN0pSRjZ408c00;https://i.scdn.co/image/ab67616d00004851f9f2dda2df2a695b9bad3440;125;Whiskey Glasses;['Morgan Wallen'];240683
https://open.spotify.com/track/7qEHsqek33rTcFNT9PFqLf;https://i.scdn.co/image/ab67616d00004851fc2101e6889d6ce9025f85f2;126;Someone You Loved;['Lewis Capaldi'];237891
https://open.spotify.com/track/1tkg4EHVoqnhR6iFEXb60y;https://i.scdn.co/image/ab67616d0000485177ada0863603903f57b34369;127;What You Know Bout Love;['Pop Smoke'];237339
https://open.spotify.com/track/7bcy34fBT2ap1L4bfPsl9q;https://i.scdn.co/image/ab67616d000048512a038d3bf875d23e4aeaa84e;128;I Didn't Change My Number;['Billie Eilish'];236715
https://open.spotify.com/track/3CboywxfJIgvHqi2FF4exb;https://i.scdn.co/image/ab67616d00004851d9296492f954b9e422cd79f5;129;Loverboy;['A-Wall'];236678
https://open.spotify.com/track/4Oun2ylbjFKMPTiaSbbCih;https://i.scdn.co/image/ab67616d00004851c450c89d3eb750d3535b0a0c;130;WAP (feat. Megan Thee Stallion);['Cardi B'];236632
https://open.spotify.com/track/4TIqzdAssasqx3DAe6cG9J;https://i.scdn.co/image/ab67616d000048514fd8e64469ff9dd01faf50fe;131;Ramen & OJ;['Joyner Lucas', 'Lil Baby'];236586
https://open.spotify.com/track/3aQem4jVGdhtg116TmJnHz;https://i.scdn.co/image/ab67616d000048518b20e4631fa15d3953528bbc;132;What’s Next;['Drake'];231786
https://open.spotify.com/track/7H0ya83CMmgFcOhw0UB6ow;https://i.scdn.co/image/ab67616d000048519b7190e673e46271b2754aab;133;Space Song;['Beach House'];231334
https://open.spotify.com/track/0GO8y8jQk1PkHzS31d699N;https://i.scdn.co/image/ab67616d00004851d84a9bbcba91cb6a4a212b1b;134;Tongue Tied;['Grouplove'];231317
https://open.spotify.com/track/4xqrdfXkTW4T0RauPLv3WA;https://i.scdn.co/image/ab67616d0000485188e3cda6d29b2552d4d6bc43;135;Heather;['Conan Gray'];231045
https://open.spotify.com/track/2iUmqdfGZcHIhS3b9E9EWq;https://i.scdn.co/image/ab67616d000048514a6c0376235e5aa44e59d2c2;136;Everybody Talks;['Neon Trees'];230944
https://open.spotify.com/track/0Fs9cdPDhptWEDJmiCbkEW;https://i.scdn.co/image/ab67616d00004851c1bb124f993488cf21b269fc;137;She Knows (feat. Amber Coffman & Cults);['J. Cole'];230859
https://open.spotify.com/track/3YUMWmx8EJq0DurfuIwoGh;https://i.scdn.co/image/ab67616d000048512a038d3bf875d23e4aeaa84e;138;my future;['Billie Eilish'];230199
https://open.spotify.com/track/5f3MXmTmstozFg0BH1yPUk;https://i.scdn.co/image/ab67616d0000485123659a8b494327e3aca65e58;139;If I Didn't Love You;['Jason Aldean', 'Carrie Underwood'];230062
https://open.spotify.com/track/1f3yAtsJtY87CTmM8RLnxf;https://i.scdn.co/image/ab67616d0000485128a90d00a2819504364880e4;140;Smells Like Teen Spirit;['Nirvana'];229737
https://open.spotify.com/track/3PfIrDoz19wz7qK7tYeu62;https://i.scdn.co/image/ab67616d00004851bd26ede1ae69327010d49946;141;Don't Start Now;['Dua Lipa'];229388
https://open.spotify.com/track/0rKtyWc8bvkriBthvHKY8d;https://i.scdn.co/image/ab67616d0000485160ba1d6104d0475c7555a6b2;142;SLOW DANCING IN THE DARK;['Joji'];228599
https://open.spotify.com/track/6hf0RpxTbOprT5nnwzkk8e;https://i.scdn.co/image/ab67616d0000485174063b2c20fb50f80388eac2;143;Qué Más Pues?;['J Balvin', 'Maria Becerra'];228416
https://open.spotify.com/track/7FGdjbZ32vMybPuP0IuE7d;https://i.scdn.co/image/ab67616d000048517521ad5f8cd60ead348560ab;144;Back In Blood (feat. Lil Durk);['Pooh Shiesty'];228101
https://open.spotify.com/track/2wAJTrFhCnQyNSD3oUgTZO;https://i.scdn.co/image/ab67616d0000485199da48a530f6ca2ef86da3cc;145;Work Out;['J. Cole'];227496
https://open.spotify.com/track/4wcBRRpIfesgcyUtis7PEg;https://i.scdn.co/image/ab67616d00004851a91c10fe9472d9bd89802e5a;146;1 step forward, 3 steps back;['Olivia Rodrigo'];227428
https://open.spotify.com/track/22LAwLoDA5b4AaGSkg6bKW;https://i.scdn.co/image/ab67616d000048510824105a6282782aaabb0584;147;Blueberry Faygo;['Lil Mosey'];226394
https://open.spotify.com/track/7GX5flRQZVHRAGd6B4TmDO;https://i.scdn.co/image/ab67616d0000485141b41e6f7924e530a9b00f9c;148;XO Tour Llif3;['Lil Uzi Vert'];222929
https://open.spotify.com/track/45bE4HXI0AwGZXfZtMp8JR;https://i.scdn.co/image/ab67616d000048510c2c97099fd6a637ed0aa4a4;149;you broke me first;['Tate McRae'];222546
https://open.spotify.com/track/6ocbgoVGwYJhOv1GgI9NsF;https://i.scdn.co/image/ab67616d0000485156ac7b86e090f307e218e9c8;150;7 rings;['Ariana Grande'];221638
https://open.spotify.com/track/7m9OqQk4RVRkw9JJdeAw96;https://i.scdn.co/image/ab67616d00004851203c89bd4391468eea4cc3f5;151;Jocelyn Flores;['XXXTENTACION'];221611
https://open.spotify.com/track/1dg3qy5DjoJodawfOCgrTP;https://i.scdn.co/image/ab67616d000048515af0305457ff290e06dcc4c2;152;Run It Up (feat. Offset & Moneybagg Yo);['Lil Tjay'];221152
https://open.spotify.com/track/3HGnIIdHYIbkowzLk8UHbE;https://i.scdn.co/image/ab67616d0000485197ece10fe79fbe1333c20fb4;153;Wishful Drinking (with Sam Hunt);['Ingrid Andress'];220837
https://open.spotify.com/track/042Sl6Mn83JHyLEqdK7uI0;https://i.scdn.co/image/ab67616d000048512a038d3bf875d23e4aeaa84e;154;Your Power;['Billie Eilish'];220688
https://open.spotify.com/track/3cBsEDNhFI9E82vPj3kvi3;https://i.scdn.co/image/ab67616d000048517d6813fd233f3bc4977cceca;155;Wasted On You;['Morgan Wallen'];219880
https://open.spotify.com/track/5XsAal7ZcWg1I5T4NcRjkv;https://i.scdn.co/image/ab67616d000048512a038d3bf875d23e4aeaa84e;156;Halley's Comet;['Billie Eilish'];219279
https://open.spotify.com/track/0QULNNd9z5s35entfiiXoa;https://i.scdn.co/image/ab67616d00004851c543eab4c605e09a6c0446e8;157;Drunk (And I Don't Wanna Go Home);['Elle King', 'Miranda Lambert'];219017
https://open.spotify.com/track/2mt1IqcFyY1zmYZT8Q3xw9;https://i.scdn.co/image/ab67616d000048510b7c6d46885f7434c99e6d8b;158;hot girl bummer;['blackbear'];218283
https://open.spotify.com/track/4JeOesjcWWlprTAvucDSJX;https://i.scdn.co/image/ab67616d000048515597dc66a5d954fca364f264;159;People Watching;['Conan Gray'];217024
https://open.spotify.com/track/0nbXyq5TXYPCO7pr3N8S4I;https://i.scdn.co/image/ab67616d00004851600adbc750285ea1a8da249f;160;The Box;['Roddy Ricch'];216595
https://open.spotify.com/track/58ge6dfP91o9oXMzq3XkIS;https://i.scdn.co/image/ab67616d000048510c8ac83035e9588e8ad34b90;161;505;['Arctic Monkeys'];215698
https://open.spotify.com/track/2gMXnyrvIjhVBUZwvLZDMP;https://i.scdn.co/image/ab67616d000048517b9639babbe96e25071ec1d4;162;Before You Go;['Lewis Capaldi'];215464
https://open.spotify.com/track/25AvaE23MXl06YRtQcQoJS;https://i.scdn.co/image/ab67616d000048512853b5ea06ddc676b337c389;163;Welcome to the Internet;['Bo Burnham'];214828
https://open.spotify.com/track/4bHsxqR3GMrXTxEPLuK5ue;https://i.scdn.co/image/ab67616d00004851c5653f9038e42efad2f8a266;164;Don't Stop Believin';['Journey'];214768
https://open.spotify.com/track/7fBv7CLKzipRk6EC6TWHOB;https://i.scdn.co/image/ab67616d000048517fcead687e99583072cc217b;165;The Hills;['The Weeknd'];214342
https://open.spotify.com/track/6Im9k8u9iIzKMrmV7BWtlF;https://i.scdn.co/image/ab67616d000048515ef878a782c987d38d82b605;166;34+35;['Ariana Grande'];214209
https://open.spotify.com/track/161DnLWsx1i3u1JT05lzqU;https://i.scdn.co/image/ab67616d0000485178c6c624a95d1bd02ba1fa02;167;Talking to the Moon;['Bruno Mars'];213632
https://open.spotify.com/track/4EWCNWgDS8707fNSZ1oaA5;https://i.scdn.co/image/ab67616d00004851346d77e155d854735410ed18;168;Heartless;['Kanye West'];213489
https://open.spotify.com/track/0u2P5u6lvoDfwTYjAADbn4;https://i.scdn.co/image/ab67616d000048518a3f0a3ca7929dea23cd274c;169;lovely (with Khalid);['Billie Eilish'];212732
https://open.spotify.com/track/4rPkN1FMzQyFNP9cLUGIIB;https://i.scdn.co/image/ab67616d00004851bd26ede1ae69327010d49946;170;Love Again;['Dua Lipa'];212215
https://open.spotify.com/track/34chhNX59Wo9HMFCsI3K8Y;https://i.scdn.co/image/ab67616d000048512a0806c429ec46624d028435;171;Memory;['Kane Brown', 'blackbear'];212128
https://open.spotify.com/track/3w1WjD2zJqjBjDz5fwqQPJ;https://i.scdn.co/image/ab67616d00004851aeb14ead136118a987246b63;172;Tyler Herro;['Jack Harlow'];211556
https://open.spotify.com/track/3fqwjXwUGN6vbzIwvyFMhx;https://i.scdn.co/image/ab67616d00004851540fc1d083eac5bcff8dad21;173;Tennessee Whiskey;['Chris Stapleton'];211176
https://open.spotify.com/track/7sO5G9EABYOXQKNPNiE9NR;https://i.scdn.co/image/ab67616d000048510f206fe737d46f2f2d826d83;174;Ric Flair Drip (& Metro Boomin);['Offset'];210359
https://open.spotify.com/track/1K5KBOgreBi5fkEHvg5ap3;https://i.scdn.co/image/ab67616d00004851935d8d5369bc55e74a39303e;175;Life Is Good (feat. Drake);['Future'];210282
https://open.spotify.com/track/79s5XnCN4TJKTVMSmOx8Ep;https://i.scdn.co/image/ab67616d000048518fe5d04b06aff90f9fe796f5;176;Dior;['Pop Smoke'];209658
https://open.spotify.com/track/30QR0ndUdiiMQMA9g1PGCm;https://i.scdn.co/image/ab67616d00004851e2bab14ce82f78a4160376a1;177;...And to Those I Love, Thanks for Sticking Around;['$uicideboy$'];209654
https://open.spotify.com/track/5uEYRdEIh9Bo4fpjDd4Na9;https://i.scdn.co/image/ab67616d000048519109b0425fb5b36284a24891;178;Goosebumps - Remix;['Travis Scott', 'HVME'];208505
https://open.spotify.com/track/0ezwvY7TkCwDEkKR49084k;https://i.scdn.co/image/ab67616d00004851a493e05c99d8ec5e8020ff2b;179;GANG GANG (with Lil Wayne);['Polo G'];207693
https://open.spotify.com/track/6K4t31amVTZDgR3sKmwUJJ;https://i.scdn.co/image/ab67616d000048519e1cfc756886ac782e363d79;180;The Less I Know The Better;['Tame Impala'];207370
https://open.spotify.com/track/2HbKqm4o0w5wEeEFXm2sD4;https://i.scdn.co/image/ab67616d00004851d28d2ebdedb220e479743797;181;Money Trees;['Kendrick Lamar', 'Jay Rock'];206587
https://open.spotify.com/track/2JvzF1RMd7lE3KmFlsyZD8;https://i.scdn.co/image/ab67616d000048517f37a4001ae7d8be430bd91b;182;MIDDLE CHILD;['J. Cole'];206347
https://open.spotify.com/track/7yq4Qj7cqayVTp3FF9CWbm;https://i.scdn.co/image/ab67616d00004851d3ce97395ff522b0d70c1094;183;Riptide;['Vance Joy'];205989
https://open.spotify.com/track/78QR3Wp35dqAhFEc2qAGjE;https://i.scdn.co/image/ab67616d00004851ce159a3ba2096e13fa9d4b4c;184;Drip Too Hard (Lil Baby & Gunna);['Lil Baby'];205891
https://open.spotify.com/track/2rxQMGVafnNaRaXlRMWPde;https://i.scdn.co/image/ab67616d00004851ccba76fad1c624c09e72bc78;185;Beautiful Crazy;['Luke Combs'];205850
https://open.spotify.com/track/5OELUCYgOHKFAvCERnAvfS;https://i.scdn.co/image/ab67616d000048517d6813fd233f3bc4977cceca;186;More Than My Hometown;['Morgan Wallen'];205825
https://open.spotify.com/track/2vXgyN14LX2zl7JEASw242;https://i.scdn.co/image/ab67616d00004851a8f5bb7820a39675e04f4aa8;187;Wild Side (feat. Cardi B);['Normani'];205215
https://open.spotify.com/track/4ak9GGe6afmi2HbxEjvhIC;https://i.scdn.co/image/ab67616d000048512a038d3bf875d23e4aeaa84e;188;Male Fantasy;['Billie Eilish'];204720
https://open.spotify.com/track/7BoobGhD4x5K96Me0hqC8Q;https://i.scdn.co/image/ab67616d00004851aeeb722667c831a4f5429ff0;189;Build a Bitch;['Bella Poarch'];204452
https://open.spotify.com/track/1J14CdDAvBTE1AJYUOwl6C;https://i.scdn.co/image/ab67616d0000485159ce61a220822995a3ccd27f;190;Arcade;['Duncan Laurence'];204091
https://open.spotify.com/track/7FIWs0pqAYbP91WWM0vlTQ;https://i.scdn.co/image/ab67616d000048512f44aec83b20e40f3baef73c;191;Godzilla (feat. Juice WRLD);['Eminem'];203193
https://open.spotify.com/track/4eNOLmx8r2IJAVKvBBL1jv;https://i.scdn.co/image/ab67616d000048515af0305457ff290e06dcc4c2;192;Headshot (feat. Polo G & Fivio Foreign);['Lil Tjay'];202383
https://open.spotify.com/track/4Li2WHPkuyCdtmokzW2007;https://i.scdn.co/image/ab67616d000048514a767758e8ebe2443591c9fd;193;Ni**as In Paris;['JAY-Z', 'Kanye West'];201403
https://open.spotify.com/track/3sNVsP50132BTNlImLx70i;https://i.scdn.co/image/ab67616d000048511dacfbc31cc873d132958af9;194;Bound 2;['Kanye West'];201124
https://open.spotify.com/track/0y60itmpH0aPKsFiGxmtnh;https://i.scdn.co/image/ab67616d000048516ee651e65c3766d80e7fcab7;195;Wait a Minute!;['WILLOW'];200139
https://open.spotify.com/track/1mAey8kEPmDM2icL56kS9d;https://i.scdn.co/image/ab67616d000048515cc589330e3596c853863484;196;4 Da Gang (with Roddy Ricch);['42 Dugg'];199954
https://open.spotify.com/track/2eAZfqOm4EnOF9VvN50Tyc;https://i.scdn.co/image/ab67616d0000485141b41e6f7924e530a9b00f9c;197;The Way Life Goes (feat. Oh Wonder);['Lil Uzi Vert'];199028
https://open.spotify.com/track/6Gg1gjgKi2AK4e0qzsR7sd;https://i.scdn.co/image/ab67616d000048515b4bee4c0dfe7f1ec4b2cc6d;198;Bandit (with YoungBoy Never Broke Again);['Juice WRLD'];198292
https://open.spotify.com/track/6zeeWid2sgw4lap2jV61PZ;https://i.scdn.co/image/ab67616d0000485160624c0781fd787c9aa4699c;199;Better;['Khalid'];197040
https://open.spotify.com/track/1dIWPXMX4kRHj6Dt2DStUQ;https://i.scdn.co/image/ab67616d00004851d19519993c214afd94c0ea50;200;Chosen (feat. Ty Dolla $ign);['Blxst', 'Tyga'];196700
